whale_spots	2.81471	22.284	121	rung30_l1_lp_mcfmv2_D_all_qkvo+sa_r4_s42_003fc739
whale_spots	15.95	7.428	121	rung30_l1_lp_mcfmv2_D_all_qkvo+sa_r4_s42_012f2500
teapot_porcelain	1.32424	7.879	121	rung30_l1_lp_mcfmv2_D_all_qkvo+sa_r4_s42_033ef3e8
spot_lava	1.686	1.25867	150	rung30_l1_lp_mcfmv2_D_all_qkvo+sa_r4_s42_0341819e
penguin_circuits	33.63	3.899	121	rung30_l1_lp_mcfmv2_D_all_qkvo+sa_r4_s42_0653d2e4
teapot_porcelain	22.512	2.62633	121	rung30_l1_lp_mcfmv2_D_all_qkvo+sa_r4_s42_08fff21b
penguin_circuits	11.21	0.688059	121	rung30_l1_lp_mcfmv2_D_all_qkvo+sa_r4_s42_0980c96d
spot_lava	15.174	0.666353	150	rung30_l1_lp_mcfmv2_D_all_qkvo+sa_r4_s42_0bfac7e1
horse_metal	0.595765	0.641824	121	rung30_l1_lp_mcfmv2_D_all_qkvo+sa_r4_s42_0dbe6c0d
teapot_porcelain	22.512	1.39041	121	rung30_l1_lp_mcfmv2_D_all_qkvo+sa_r4_s42_12195e40
whale_spots	2.81471	2.476	121	rung30_l1_lp_mcfmv2_D_all_qkvo+sa_r4_s42_15dfd1a9
horse_metal	10.128	1.21233	121	rung30_l1_lp_mcfmv2_D_all_qkvo+sa_r4_s42_162d3d02
teapot_lava2	0.857	7.449	150	rung30_l1_lp_mcfmv2_D_all_qkvo+sa_r4_s42_197c0c37
horse_metal	0.595765	10.911	121	rung30_l1_lp_mcfmv2_D_all_qkvo+sa_r4_s42_19c2e394
horse_metal	1.12533	3.637	121	rung30_l1_lp_mcfmv2_D_all_qkvo+sa_r4_s42_1b57e255
teapot_lava2	7.713	0.438176	150	rung30_l1_lp_mcfmv2_D_all_qkvo+sa_r4_s42_1dedbf9b
spot_lava	1.686	0.666353	150	rung30_l1_lp_mcfmv2_D_all_qkvo+sa_r4_s42_201fe504
horse_metal	3.376	10.911	121	rung30_l1_lp_mcfmv2_D_all_qkvo+sa_r4_s42_20b8f812
whale_spots	47.85	7.428	121	rung30_l1_lp_mcfmv2_D_all_qkvo+sa_r4_s42_2370c4c3
teapot_porcelain	7.504	1.39041	121	rung30_l1_lp_mcfmv2_D_all_qkvo+sa_r4_s42_256ec616
whale_spots	47.85	1.31082	121	rung30_l1_lp_mcfmv2_D_all_qkvo+sa_r4_s42_2983c6c3
penguin_circuits	3.73667	0.688059	121	rung30_l1_lp_mcfmv2_D_all_qkvo+sa_r4_s42_2b28d64b
horse_metal	3.376	1.21233	121	rung30_l1_lp_mcfmv2_D_all_qkvo+sa_r4_s42_2bbda9a3
whale_spots	15.95	1.31082	121	rung30_l1_lp_mcfmv2_D_all_qkvo+sa_r4_s42_2de656b8
horse_metal	0.595765	3.637	121	rung30_l1_lp_mcfmv2_D_all_qkvo+sa_r4_s42_32edf547
horse_metal	10.128	10.911	121	rung30_l1_lp_mcfmv2_D_all_qkvo+sa_r4_s42_354d8ffd
teapot_lava2	0.857	0.438176	150	rung30_l1_lp_mcfmv2_D_all_qkvo+sa_r4_s42_378fb64f
teapot_porcelain	7.504	23.637	121	rung30_l1_lp_mcfmv2_D_all_qkvo+sa_r4_s42_38899a9a
teapot_porcelain	7.504	2.62633	121	rung30_l1_lp_mcfmv2_D_all_qkvo+sa_r4_s42_39290473
teapot_lava2	7.713	7.449	150	rung30_l1_lp_mcfmv2_D_all_qkvo+sa_r4_s42_3c883250
whale_spots	5.31667	7.428	121	rung30_l1_lp_mcfmv2_D_all_qkvo+sa_r4_s42_4101d79e
spot_lava	1.686	3.776	150	rung30_l1_lp_mcfmv2_D_all_qkvo+sa_r4_s42_41402c53
teapot_lava2	2.571	0.827667	150	rung30_l1_lp_mcfmv2_D_all_qkvo+sa_r4_s42_4269303e
spot_lava	0.892588	11.328	150	rung30_l1_lp_mcfmv2_D_all_qkvo+sa_r4_s42_43941078
horse_metal	1.12533	1.21233	121	rung30_l1_lp_mcfmv2_D_all_qkvo+sa_r4_s42_45faaeb1
horse_metal	0.595765	1.21233	121	rung30_l1_lp_mcfmv2_D_all_qkvo+sa_r4_s42_467ec767
whale_spots	2.81471	1.31082	121	rung30_l1_lp_mcfmv2_D_all_qkvo+sa_r4_s42_4a3e3697
whale_spots	5.31667	1.31082	121	rung30_l1_lp_mcfmv2_D_all_qkvo+sa_r4_s42_4b10212a
horse_metal	10.128	3.637	121	rung30_l1_lp_mcfmv2_D_all_qkvo+sa_r4_s42_4c5a0545
horse_metal	3.376	3.637	121	rung30_l1_lp_mcfmv2_D_all_qkvo+sa_r4_s42_4d2e0fa1
spot_lava	5.058	0.666353	150	rung30_l1_lp_mcfmv2_D_all_qkvo+sa_r4_s42_4e8a3d6f
spot_lava	5.058	11.328	150	rung30_l1_lp_mcfmv2_D_all_qkvo+sa_r4_s42_50f3e9ae
teapot_porcelain	2.50133	2.62633	121	rung30_l1_lp_mcfmv2_D_all_qkvo+sa_r4_s42_55ccc4c2
teapot_porcelain	1.32424	23.637	121	rung30_l1_lp_mcfmv2_D_all_qkvo+sa_r4_s42_5fa36437
horse_metal	1.12533	10.911	121	rung30_l1_lp_mcfmv2_D_all_qkvo+sa_r4_s42_5fc7f617
penguin_circuits	33.63	1.29967	121	rung30_l1_lp_mcfmv2_D_all_qkvo+sa_r4_s42_63390339
penguin_circuits	3.73667	3.899	121	rung30_l1_lp_mcfmv2_D_all_qkvo+sa_r4_s42_63cfb922
teapot_lava2	2.571	0.438176	150	rung30_l1_lp_mcfmv2_D_all_qkvo+sa_r4_s42_64147a8e
penguin_circuits	1.97824	11.697	121	rung30_l1_lp_mcfmv2_D_all_qkvo+sa_r4_s42_65d9576b
spot_lava	0.892588	0.666353	150	rung30_l1_lp_mcfmv2_D_all_qkvo+sa_r4_s42_66343298
whale_spots	5.31667	22.284	121	rung30_l1_lp_mcfmv2_D_all_qkvo+sa_r4_s42_6b7b6b2a
penguin_circuits	33.63	11.697	121	rung30_l1_lp_mcfmv2_D_all_qkvo+sa_r4_s42_6c91e4b2
penguin_circuits	1.97824	3.899	121	rung30_l1_lp_mcfmv2_D_all_qkvo+sa_r4_s42_7570eab3
penguin_circuits	11.21	3.899	121	rung30_l1_lp_mcfmv2_D_all_qkvo+sa_r4_s42_7bf16e8e
spot_lava	15.174	1.25867	150	rung30_l1_lp_mcfmv2_D_all_qkvo+sa_r4_s42_7eaded87
teapot_lava2	0.453706	2.483	150	rung30_l1_lp_mcfmv2_D_all_qkvo+sa_r4_s42_7f6a7b32
teapot_lava2	7.713	2.483	150	rung30_l1_lp_mcfmv2_D_all_qkvo+sa_r4_s42_7faf7368
teapot_lava2	0.857	2.483	150	rung30_l1_lp_mcfmv2_D_all_qkvo+sa_r4_s42_81f9e53d
teapot_porcelain	1.32424	1.39041	121	rung30_l1_lp_mcfmv2_D_all_qkvo+sa_r4_s42_859c6129
teapot_porcelain	2.50133	23.637	121	rung30_l1_lp_mcfmv2_D_all_qkvo+sa_r4_s42_85d86cca
spot_lava	15.174	11.328	150	rung30_l1_lp_mcfmv2_D_all_qkvo+sa_r4_s42_8db35a31
penguin_circuits	3.73667	11.697	121	rung30_l1_lp_mcfmv2_D_all_qkvo+sa_r4_s42_93472a07
spot_lava	1.686	11.328	150	rung30_l1_lp_mcfmv2_D_all_qkvo+sa_r4_s42_9686933c
teapot_lava2	0.453706	0.438176	150	rung30_l1_lp_mcfmv2_D_all_qkvo+sa_r4_s42_98d09bc4
penguin_circuits	11.21	1.29967	121	rung30_l1_lp_mcfmv2_D_all_qkvo+sa_r4_s42_9b8390b1
whale_spots	47.85	2.476	121	rung30_l1_lp_mcfmv2_D_all_qkvo+sa_r4_s42_9e676570
teapot_lava2	0.453706	7.449	150	rung30_l1_lp_mcfmv2_D_all_qkvo+sa_r4_s42_9ef4ba2d
whale_spots	2.81471	7.428	121	rung30_l1_lp_mcfmv2_D_all_qkvo+sa_r4_s42_a2e9576f
teapot_porcelain	7.504	7.879	121	rung30_l1_lp_mcfmv2_D_all_qkvo+sa_r4_s42_a38ff455
horse_metal	10.128	0.641824	121	rung30_l1_lp_mcfmv2_D_all_qkvo+sa_r4_s42_a4ae793c
penguin_circuits	11.21	11.697	121	rung30_l1_lp_mcfmv2_D_all_qkvo+sa_r4_s42_a76ed848
penguin_circuits	1.97824	0.688059	121	rung30_l1_lp_mcfmv2_D_all_qkvo+sa_r4_s42_aa92d4b9
teapot_lava2	0.857	0.827667	150	rung30_l1_lp_mcfmv2_D_all_qkvo+sa_r4_s42_ac65a8d9
teapot_lava2	2.571	7.449	150	rung30_l1_lp_mcfmv2_D_all_qkvo+sa_r4_s42_afe9bc30
teapot_lava2	2.571	2.483	150	rung30_l1_lp_mcfmv2_D_all_qkvo+sa_r4_s42_b1b56108
teapot_lava2	7.713	0.827667	150	rung30_l1_lp_mcfmv2_D_all_qkvo+sa_r4_s42_c4fbf3d0
whale_spots	15.95	22.284	121	rung30_l1_lp_mcfmv2_D_all_qkvo+sa_r4_s42_c6294dec
penguin_circuits	3.73667	1.29967	121	rung30_l1_lp_mcfmv2_D_all_qkvo+sa_r4_s42_cb009600
whale_spots	47.85	22.284	121	rung30_l1_lp_mcfmv2_D_all_qkvo+sa_r4_s42_cc9c15d5
penguin_circuits	33.63	0.688059	121	rung30_l1_lp_mcfmv2_D_all_qkvo+sa_r4_s42_d24b3fc1
teapot_lava2	0.453706	0.827667	150	rung30_l1_lp_mcfmv2_D_all_qkvo+sa_r4_s42_e025d500
horse_metal	3.376	0.641824	121	rung30_l1_lp_mcfmv2_D_all_qkvo+sa_r4_s42_e1b74b01
horse_metal	1.12533	0.641824	121	rung30_l1_lp_mcfmv2_D_all_qkvo+sa_r4_s42_e28223b3
spot_lava	0.892588	1.25867	150	rung30_l1_lp_mcfmv2_D_all_qkvo+sa_r4_s42_e4f30b24
whale_spots	5.31667	2.476	121	rung30_l1_lp_mcfmv2_D_all_qkvo+sa_r4_s42_e6e135b1
teapot_porcelain	2.50133	7.879	121	rung30_l1_lp_mcfmv2_D_all_qkvo+sa_r4_s42_e80c0344
spot_lava	5.058	3.776	150	rung30_l1_lp_mcfmv2_D_all_qkvo+sa_r4_s42_eab7ee62
teapot_porcelain	22.512	7.879	121	rung30_l1_lp_mcfmv2_D_all_qkvo+sa_r4_s42_f50c1f16
spot_lava	5.058	1.25867	150	rung30_l1_lp_mcfmv2_D_all_qkvo+sa_r4_s42_f62d80ce
penguin_circuits	1.97824	1.29967	121	rung30_l1_lp_mcfmv2_D_all_qkvo+sa_r4_s42_f750665c
spot_lava	0.892588	3.776	150	rung30_l1_lp_mcfmv2_D_all_qkvo+sa_r4_s42_f9683342
whale_spots	15.95	2.476	121	rung30_l1_lp_mcfmv2_D_all_qkvo+sa_r4_s42_fb17e508
teapot_porcelain	2.50133	1.39041	121	rung30_l1_lp_mcfmv2_D_all_qkvo+sa_r4_s42_fbd6bab8
teapot_porcelain	22.512	23.637	121	rung30_l1_lp_mcfmv2_D_all_qkvo+sa_r4_s42_fd758862
teapot_porcelain	1.32424	2.62633	121	rung30_l1_lp_mcfmv2_D_all_qkvo+sa_r4_s42_fdfbe067
spot_lava	15.174	3.776	150	rung30_l1_lp_mcfmv2_D_all_qkvo+sa_r4_s42_ff382533
