arm,frame,entropy_all,cls_all,top1_all,entropy_vis,cls_vis,top1_vis,entropy_inv,cls_inv,top1_inv,attn_flicker,attn_drift,attn_flicker_vis,attn_flicker_inv,seconds
frozen,1,0.977019,0.574547,0.032471,0.976761,0.571514,0.032736,0.977182,0.576459,0.032303,0.000000e+00,0.000000e+00,0.000000e+00,0.000000e+00,1.42
frozen,2,0.977238,0.575194,0.031774,0.976968,0.572129,0.032046,0.977408,0.577127,0.031602,1.767234e-02,1.767234e-02,1.820672e-02,1.733541e-02,1.30
frozen,3,0.977301,0.574762,0.031959,0.977029,0.571721,0.032272,0.977473,0.576680,0.031761,1.453853e-02,1.976077e-02,1.432566e-02,1.467274e-02,1.30
frozen,4,0.977334,0.574505,0.031883,0.977053,0.571473,0.032194,0.977510,0.576417,0.031687,1.195019e-02,1.880322e-02,1.169596e-02,1.211048e-02,1.30
frozen,5,0.977391,0.574347,0.031918,0.977110,0.571319,0.032214,0.977567,0.576256,0.031730,7.357707e-03,1.856107e-02,7.527165e-03,7.250862e-03,1.30
frozen,6,0.978358,0.571069,0.031945,0.977984,0.568011,0.032452,0.978593,0.572998,0.031625,2.884678e-02,3.716344e-02,2.826813e-02,2.921162e-02,1.30
frozen,7,0.978656,0.567842,0.032966,0.978304,0.564511,0.033501,0.978878,0.569943,0.032629,3.298354e-02,6.096588e-02,3.412248e-02,3.226544e-02,1.30
frozen,8,0.978763,0.567916,0.032620,0.978409,0.564554,0.033170,0.978986,0.570036,0.032273,1.096502e-02,6.423287e-02,1.125385e-02,1.078291e-02,1.30
frozen,9,0.978746,0.568283,0.032813,0.978385,0.564904,0.033339,0.978974,0.570413,0.032481,1.122357e-02,6.395860e-02,1.110880e-02,1.129594e-02,1.30
frozen,10,0.978779,0.567568,0.032926,0.978429,0.564163,0.033475,0.979000,0.569715,0.032580,9.587432e-03,6.654266e-02,9.727044e-03,9.499404e-03,1.30
frozen,11,0.978801,0.568261,0.032660,0.978457,0.564765,0.033202,0.979018,0.570466,0.032318,9.076918e-03,6.570845e-02,8.838494e-03,9.227247e-03,1.30
frozen,12,0.978826,0.565588,0.033273,0.978419,0.562107,0.033962,0.979082,0.567783,0.032840,2.356373e-02,7.288162e-02,2.409150e-02,2.323097e-02,1.30
frozen,13,0.979012,0.564197,0.033549,0.978580,0.560695,0.034400,0.979285,0.566406,0.033013,1.692297e-02,7.652466e-02,1.719852e-02,1.674923e-02,1.30
frozen,14,0.978999,0.563293,0.033485,0.978532,0.559718,0.034454,0.979294,0.565547,0.032874,1.457644e-02,7.766550e-02,1.541020e-02,1.405075e-02,1.30
frozen,15,0.979089,0.563102,0.033489,0.978620,0.559512,0.034489,0.979385,0.565366,0.032859,9.152993e-03,7.977473e-02,8.837716e-03,9.351776e-03,1.30
frozen,16,0.979110,0.563824,0.033068,0.978664,0.560261,0.034037,0.979392,0.566071,0.032457,1.390152e-02,7.876668e-02,1.406500e-02,1.379844e-02,1.30
frozen,17,0.979315,0.563906,0.032731,0.978854,0.560357,0.033736,0.979606,0.566143,0.032097,2.228748e-02,8.483107e-02,2.213582e-02,2.238310e-02,1.30
frozen,18,0.979359,0.564367,0.032747,0.978928,0.560827,0.033633,0.979631,0.566599,0.032188,1.454700e-02,8.400849e-02,1.463575e-02,1.449103e-02,1.30
frozen,19,0.979464,0.564017,0.032528,0.979002,0.560450,0.033463,0.979755,0.566266,0.031939,1.474592e-02,8.612665e-02,1.509986e-02,1.452276e-02,1.30
frozen,20,0.979562,0.563241,0.032640,0.979091,0.559603,0.033670,0.979859,0.565535,0.031991,1.367079e-02,8.912449e-02,1.377386e-02,1.360581e-02,1.30
frozen,21,0.979566,0.563338,0.032641,0.979099,0.559687,0.033683,0.979860,0.565641,0.031985,1.019088e-02,8.849952e-02,1.018557e-02,1.019423e-02,1.30
frozen,22,0.979665,0.561252,0.033057,0.979131,0.557583,0.034302,0.980002,0.563566,0.032272,2.607532e-02,9.622344e-02,2.638065e-02,2.588281e-02,1.30
frozen,23,0.979580,0.561313,0.033207,0.979031,0.557644,0.034550,0.979926,0.563626,0.032361,1.389609e-02,9.700882e-02,1.327353e-02,1.428863e-02,1.30
frozen,24,0.979802,0.560927,0.032897,0.979293,0.557217,0.034115,0.980122,0.563266,0.032129,1.535312e-02,1.008255e-01,1.556744e-02,1.521800e-02,1.30
frozen,25,0.979865,0.560585,0.033077,0.979347,0.556815,0.034275,0.980192,0.562963,0.032322,1.464241e-02,1.022956e-01,1.432128e-02,1.484488e-02,1.30
frozen,26,0.979957,0.560471,0.033007,0.979433,0.556689,0.034242,0.980288,0.562855,0.032229,9.808831e-03,1.027349e-01,9.452766e-03,1.003333e-02,1.30
frozen,27,0.979860,0.559952,0.033542,0.979359,0.556104,0.034721,0.980175,0.562378,0.032798,2.352503e-02,1.085714e-01,2.370626e-02,2.341077e-02,1.30
frozen,28,0.979961,0.559771,0.033531,0.979480,0.555919,0.034717,0.980264,0.562200,0.032783,1.353024e-02,1.113681e-01,1.357967e-02,1.349907e-02,1.30
frozen,29,0.979872,0.559778,0.033629,0.979392,0.555897,0.034868,0.980175,0.562225,0.032848,1.572605e-02,1.132343e-01,1.571956e-02,1.573014e-02,1.30
frozen,30,0.980105,0.559566,0.033173,0.979616,0.555695,0.034444,0.980414,0.562006,0.032371,1.503177e-02,1.149499e-01,1.485604e-02,1.514257e-02,1.30
frozen,31,0.980205,0.559591,0.033147,0.979738,0.555747,0.034309,0.980500,0.562014,0.032415,1.121008e-02,1.151042e-01,1.095728e-02,1.136947e-02,1.30
frozen,32,0.980624,0.560174,0.032857,0.980137,0.556267,0.034193,0.980931,0.562637,0.032015,2.590163e-02,1.200044e-01,2.622056e-02,2.570055e-02,1.30
frozen,33,0.980558,0.560423,0.033132,0.980102,0.556501,0.034448,0.980845,0.562896,0.032302,1.643639e-02,1.212570e-01,1.657428e-02,1.634946e-02,1.30
frozen,34,0.980750,0.561104,0.032931,0.980315,0.557180,0.034137,0.981024,0.563579,0.032171,1.465220e-02,1.220462e-01,1.396397e-02,1.508614e-02,1.30
frozen,35,0.980614,0.560487,0.033208,0.980160,0.556587,0.034489,0.980900,0.562946,0.032400,1.283714e-02,1.230248e-01,1.234860e-02,1.314516e-02,1.30
frozen,36,0.980798,0.560838,0.033020,0.980349,0.556874,0.034312,0.981081,0.563338,0.032206,1.669076e-02,1.255447e-01,1.636468e-02,1.689636e-02,1.31
frozen,37,0.980760,0.560778,0.033108,0.980304,0.556886,0.034384,0.981048,0.563232,0.032303,1.516877e-02,1.237522e-01,1.514926e-02,1.518107e-02,1.36
frozen,38,0.980801,0.560916,0.032983,0.980338,0.557043,0.034263,0.981093,0.563359,0.032176,1.168259e-02,1.239391e-01,1.179762e-02,1.161006e-02,1.31
frozen,39,0.980654,0.561106,0.033370,0.980220,0.557215,0.034566,0.980927,0.563560,0.032616,1.202180e-02,1.236001e-01,1.155845e-02,1.231395e-02,1.31
frozen,40,0.980710,0.561449,0.033179,0.980282,0.557535,0.034401,0.980980,0.563917,0.032408,1.162374e-02,1.240249e-01,1.146975e-02,1.172083e-02,1.31
frozen,41,0.980807,0.561607,0.032868,0.980368,0.557708,0.034067,0.981084,0.564065,0.032111,1.740175e-02,1.226493e-01,1.746913e-02,1.735925e-02,1.30
frozen,42,0.980726,0.561491,0.033158,0.980295,0.557610,0.034322,0.980997,0.563938,0.032424,1.175894e-02,1.213240e-01,1.156158e-02,1.188339e-02,1.30
frozen,43,0.980669,0.561565,0.033131,0.980272,0.557680,0.034205,0.980919,0.564014,0.032453,1.188564e-02,1.192335e-01,1.183891e-02,1.191510e-02,1.30
frozen,44,0.980830,0.561324,0.032881,0.980431,0.557450,0.033953,0.981082,0.563767,0.032205,1.124389e-02,1.201782e-01,1.069462e-02,1.159020e-02,1.31
frozen,45,0.980886,0.561304,0.032684,0.980490,0.557404,0.033745,0.981136,0.563763,0.032015,1.240320e-02,1.244906e-01,1.223582e-02,1.250874e-02,1.30
frozen,46,0.981136,0.561279,0.032530,0.980719,0.557343,0.033647,0.981399,0.563761,0.031826,1.756125e-02,1.280974e-01,1.721744e-02,1.777803e-02,1.30
frozen,47,0.981010,0.560891,0.032577,0.980596,0.556960,0.033686,0.981271,0.563369,0.031879,1.402713e-02,1.266663e-01,1.414265e-02,1.395428e-02,1.31
frozen,48,0.981169,0.561360,0.032320,0.980773,0.557319,0.033329,0.981420,0.563908,0.031684,1.497383e-02,1.267225e-01,1.431672e-02,1.538814e-02,1.30
frozen,49,0.981063,0.561144,0.032444,0.980676,0.557198,0.033494,0.981307,0.563632,0.031783,1.448581e-02,1.265371e-01,1.357346e-02,1.506106e-02,1.30
frozen,50,0.981167,0.561266,0.032418,0.980789,0.557250,0.033471,0.981405,0.563799,0.031754,1.145376e-02,1.265613e-01,1.123194e-02,1.159361e-02,1.30
frozen,51,0.981144,0.561949,0.032394,0.980789,0.557871,0.033249,0.981368,0.564521,0.031854,1.989995e-02,1.250171e-01,2.004297e-02,1.980977e-02,1.31
frozen,52,0.981205,0.561935,0.032262,0.980838,0.557887,0.033175,0.981437,0.564487,0.031687,1.170620e-02,1.249520e-01,1.163676e-02,1.174999e-02,1.30
frozen,53,0.981172,0.561834,0.032252,0.980790,0.557775,0.033194,0.981413,0.564393,0.031658,9.838817e-03,1.260836e-01,9.790664e-03,9.869177e-03,1.36
frozen,54,0.981190,0.561770,0.032277,0.980793,0.557704,0.033271,0.981441,0.564334,0.031650,9.376453e-03,1.275077e-01,9.326837e-03,9.407736e-03,1.30
frozen,55,0.981293,0.561874,0.032302,0.980868,0.557795,0.033356,0.981560,0.564445,0.031637,1.087588e-02,1.286963e-01,1.094353e-02,1.083322e-02,1.30
frozen,56,0.981180,0.561887,0.032160,0.980761,0.557831,0.033138,0.981445,0.564444,0.031544,2.066580e-02,1.272452e-01,2.015472e-02,2.098803e-02,1.30
frozen,57,0.981209,0.562287,0.031966,0.980837,0.558253,0.032791,0.981444,0.564831,0.031446,1.248427e-02,1.264655e-01,1.252606e-02,1.245792e-02,1.30
frozen,58,0.981107,0.562323,0.032221,0.980702,0.558280,0.033148,0.981362,0.564872,0.031636,1.298768e-02,1.250209e-01,1.304078e-02,1.295420e-02,1.30
frozen,59,0.981005,0.562518,0.032487,0.980589,0.558454,0.033456,0.981268,0.565080,0.031876,8.790934e-03,1.241830e-01,8.678924e-03,8.861559e-03,1.31
frozen,60,0.980970,0.562673,0.032499,0.980565,0.558604,0.033417,0.981225,0.565238,0.031920,7.169311e-03,1.226188e-01,6.961449e-03,7.300370e-03,1.30
frozen,61,0.981131,0.562156,0.032461,0.980645,0.558037,0.033614,0.981438,0.564753,0.031734,1.849441e-02,1.279312e-01,1.888783e-02,1.824635e-02,1.30
frozen,62,0.981180,0.562083,0.032283,0.980710,0.558006,0.033349,0.981477,0.564654,0.031611,1.387313e-02,1.283643e-01,1.400609e-02,1.378931e-02,1.30
frozen,63,0.981128,0.562152,0.032394,0.980654,0.558054,0.033496,0.981427,0.564736,0.031699,1.001236e-02,1.267709e-01,9.788615e-03,1.015342e-02,1.33
frozen,64,0.981026,0.561992,0.032357,0.980562,0.557893,0.033474,0.981317,0.564577,0.031652,9.659994e-03,1.270901e-01,9.601336e-03,9.696977e-03,1.31
frozen,65,0.981079,0.562403,0.032223,0.980617,0.558304,0.033328,0.981370,0.564987,0.031526,9.598635e-03,1.249132e-01,9.657240e-03,9.561685e-03,1.34
frozen,66,0.981166,0.562121,0.032354,0.980686,0.557985,0.033508,0.981469,0.564729,0.031626,1.402328e-02,1.267229e-01,1.379756e-02,1.416561e-02,1.35
frozen,67,0.981252,0.562055,0.032403,0.980785,0.557970,0.033488,0.981547,0.564631,0.031719,1.399947e-02,1.283296e-01,1.430106e-02,1.380931e-02,1.37
frozen,68,0.981253,0.562010,0.032360,0.980781,0.557933,0.033464,0.981551,0.564580,0.031664,1.011063e-02,1.286772e-01,9.788843e-03,1.031351e-02,1.33
frozen,69,0.981203,0.562152,0.032362,0.980756,0.558020,0.033429,0.981485,0.564757,0.031688,1.189863e-02,1.257774e-01,1.181151e-02,1.195356e-02,1.35
frozen,70,0.981494,0.562656,0.032515,0.981035,0.558605,0.033675,0.981784,0.565209,0.031784,1.495772e-02,1.274144e-01,1.537107e-02,1.469710e-02,1.37
frozen,71,0.981667,0.563386,0.032223,0.981219,0.559333,0.033368,0.981950,0.565942,0.031501,1.972408e-02,1.252800e-01,1.992489e-02,1.959747e-02,1.33
frozen,72,0.981839,0.563349,0.032161,0.981374,0.559354,0.033357,0.982132,0.565868,0.031407,1.636018e-02,1.276037e-01,1.676804e-02,1.610302e-02,1.30
frozen,73,0.981610,0.563798,0.032343,0.981167,0.559752,0.033457,0.981889,0.566349,0.031640,1.488874e-02,1.222078e-01,1.515162e-02,1.472300e-02,1.31
frozen,74,0.981500,0.563527,0.032462,0.981037,0.559475,0.033633,0.981792,0.566081,0.031724,1.099062e-02,1.215661e-01,1.086427e-02,1.107028e-02,1.31
frozen,75,0.981535,0.563173,0.032553,0.981051,0.559143,0.033765,0.981841,0.565714,0.031788,9.636121e-03,1.237656e-01,9.443369e-03,9.757654e-03,1.31
frozen,76,0.981776,0.563629,0.032496,0.981338,0.559661,0.033667,0.982053,0.566131,0.031757,1.845287e-02,1.275440e-01,1.824402e-02,1.858456e-02,1.31
frozen,77,0.981663,0.564256,0.032436,0.981225,0.560220,0.033653,0.981939,0.566801,0.031669,1.647690e-02,1.218570e-01,1.665782e-02,1.636283e-02,1.31
frozen,78,0.981904,0.564124,0.032048,0.981461,0.560156,0.033317,0.982184,0.566626,0.031248,1.470531e-02,1.276194e-01,1.477342e-02,1.466236e-02,1.31
frozen,79,0.982930,0.569316,0.031486,0.982574,0.565902,0.032599,0.983155,0.571468,0.030784,2.984034e-02,1.306179e-01,3.080681e-02,2.923098e-02,1.31
frozen,80,0.982969,0.569336,0.031639,0.982596,0.565939,0.032820,0.983203,0.571477,0.030894,7.914683e-03,1.314954e-01,7.950755e-03,7.891939e-03,1.31
frozen,81,0.982869,0.570614,0.031683,0.982460,0.567249,0.032886,0.983127,0.572735,0.030925,1.596895e-02,1.296964e-01,1.646196e-02,1.565811e-02,1.31
frozen,82,0.983184,0.570039,0.031378,0.982777,0.566570,0.032600,0.983441,0.572227,0.030607,1.609759e-02,1.315182e-01,1.643157e-02,1.588701e-02,1.31
frozen,83,0.981908,0.563518,0.032371,0.981442,0.559492,0.033676,0.982201,0.566057,0.031548,3.589008e-02,1.271129e-01,3.714544e-02,3.509858e-02,1.32
frozen,84,0.982673,0.567124,0.031832,0.982258,0.563512,0.033045,0.982935,0.569401,0.031067,2.475104e-02,1.290962e-01,2.570397e-02,2.415021e-02,1.31
frozen,85,0.981829,0.564095,0.032084,0.981414,0.560208,0.033297,0.982091,0.566545,0.031320,2.183730e-02,1.222991e-01,2.160100e-02,2.198628e-02,1.30
frozen,86,0.982829,0.567553,0.031923,0.982419,0.564037,0.033077,0.983086,0.569769,0.031196,2.641526e-02,1.292765e-01,2.629930e-02,2.648837e-02,1.36
frozen,87,0.983000,0.568481,0.031790,0.982627,0.565112,0.032831,0.983235,0.570605,0.031134,1.494922e-02,1.327901e-01,1.525700e-02,1.475517e-02,1.31
frozen,88,0.981651,0.562607,0.032628,0.981208,0.558740,0.033836,0.981930,0.565044,0.031867,3.722395e-02,1.287186e-01,3.787767e-02,3.681178e-02,1.32
frozen,89,0.981950,0.563887,0.031869,0.981577,0.560182,0.032976,0.982186,0.566224,0.031172,1.696711e-02,1.272954e-01,1.725218e-02,1.678736e-02,1.31
frozen,90,0.981828,0.563614,0.031882,0.981458,0.559850,0.033013,0.982061,0.565987,0.031169,8.276239e-03,1.257855e-01,8.233814e-03,8.302988e-03,1.31
frozen,91,0.981541,0.563417,0.032359,0.981190,0.559625,0.033355,0.981762,0.565808,0.031730,1.405592e-02,1.265199e-01,1.412774e-02,1.401063e-02,1.32
frozen,92,0.981627,0.563178,0.032159,0.981287,0.559408,0.033097,0.981842,0.565555,0.031567,1.030793e-02,1.266580e-01,1.012426e-02,1.042373e-02,1.31
frozen,93,0.981490,0.563311,0.032448,0.981152,0.559459,0.033395,0.981703,0.565739,0.031851,1.415271e-02,1.267087e-01,1.441662e-02,1.398632e-02,1.31
frozen,94,0.981528,0.563446,0.032106,0.981202,0.559633,0.032997,0.981732,0.565850,0.031544,1.155404e-02,1.252683e-01,1.198931e-02,1.127960e-02,1.31
frozen,95,0.981392,0.563719,0.031856,0.981070,0.559943,0.032723,0.981595,0.566099,0.031310,1.329987e-02,1.193936e-01,1.345206e-02,1.320391e-02,1.31
frozen,96,0.981740,0.563538,0.031872,0.981380,0.559808,0.032738,0.981966,0.565889,0.031326,1.934624e-02,1.276992e-01,1.905630e-02,1.952904e-02,1.31
frozen,97,0.981706,0.562996,0.032369,0.981333,0.559091,0.033247,0.981940,0.565458,0.031816,1.916773e-02,1.323018e-01,1.980083e-02,1.876857e-02,1.31
frozen,98,0.981536,0.562354,0.032525,0.981114,0.558504,0.033529,0.981802,0.564781,0.031892,1.927578e-02,1.310004e-01,1.946964e-02,1.915354e-02,1.31
frozen,99,0.981611,0.561881,0.032663,0.981185,0.557890,0.033578,0.981879,0.564397,0.032085,1.594225e-02,1.340982e-01,1.631655e-02,1.570625e-02,1.31
frozen,100,0.981521,0.561925,0.032875,0.981108,0.557950,0.033727,0.981781,0.564430,0.032337,1.034142e-02,1.330450e-01,1.020993e-02,1.042432e-02,1.31
frozen,101,0.981643,0.562137,0.032690,0.981229,0.558202,0.033613,0.981904,0.564618,0.032109,1.380932e-02,1.311231e-01,1.377406e-02,1.383155e-02,1.31
frozen,102,0.981725,0.561860,0.032713,0.981316,0.557906,0.033677,0.981983,0.564353,0.032105,9.316935e-03,1.326768e-01,9.513410e-03,9.193057e-03,1.31
frozen,103,0.981648,0.561376,0.032936,0.981219,0.557360,0.033978,0.981919,0.563907,0.032278,1.147020e-02,1.326606e-01,1.161873e-02,1.137655e-02,1.31
frozen,104,0.981607,0.561197,0.033057,0.981197,0.557198,0.034002,0.981865,0.563718,0.032462,1.288211e-02,1.344430e-01,1.265332e-02,1.302636e-02,1.31
frozen,105,0.981657,0.561421,0.032867,0.981242,0.557348,0.033903,0.981919,0.563989,0.032214,1.006606e-02,1.336414e-01,1.052587e-02,9.776150e-03,1.31
frozen,106,0.981632,0.561068,0.032950,0.981213,0.557104,0.033955,0.981897,0.563568,0.032317,1.782440e-02,1.339089e-01,1.806092e-02,1.767527e-02,1.31
frozen,107,0.981634,0.561376,0.033173,0.981231,0.557452,0.034080,0.981889,0.563850,0.032601,1.006432e-02,1.332880e-01,9.951249e-03,1.013561e-02,1.31
frozen,108,0.981672,0.561867,0.032932,0.981290,0.557988,0.033801,0.981913,0.564312,0.032383,1.626677e-02,1.324601e-01,1.579759e-02,1.656259e-02,1.31
frozen,109,0.981695,0.561774,0.033040,0.981310,0.557863,0.033872,0.981937,0.564240,0.032516,1.046917e-02,1.339518e-01,1.075608e-02,1.028826e-02,1.31
frozen,110,0.981679,0.561635,0.033263,0.981262,0.557706,0.034136,0.981942,0.564112,0.032713,1.107552e-02,1.347159e-01,1.107624e-02,1.107507e-02,1.32
frozen,111,0.981736,0.561782,0.033318,0.981315,0.557882,0.034221,0.982001,0.564241,0.032748,1.278865e-02,1.337137e-01,1.286921e-02,1.273786e-02,1.31
frozen,112,0.981847,0.561607,0.033170,0.981432,0.557755,0.034081,0.982109,0.564036,0.032595,1.049504e-02,1.327619e-01,1.046718e-02,1.051261e-02,1.31
frozen,113,0.983409,0.567372,0.031449,0.982960,0.563972,0.032396,0.983692,0.569516,0.030852,3.564150e-02,1.389007e-01,3.582423e-02,3.552628e-02,1.31
frozen,114,0.982136,0.562175,0.032573,0.981710,0.558317,0.033607,0.982404,0.564607,0.031921,3.261502e-02,1.355061e-01,3.306660e-02,3.233029e-02,1.31
frozen,115,0.981995,0.562261,0.032588,0.981573,0.558385,0.033621,0.982261,0.564704,0.031937,1.251040e-02,1.335268e-01,1.256056e-02,1.247878e-02,1.31
frozen,116,0.981489,0.561029,0.033398,0.981021,0.557025,0.034408,0.981783,0.563554,0.032760,2.472336e-02,1.339380e-01,2.501999e-02,2.453634e-02,1.31
frozen,117,0.981634,0.561407,0.033253,0.981186,0.557446,0.034234,0.981917,0.563904,0.032635,1.168666e-02,1.340465e-01,1.217689e-02,1.137757e-02,1.31
frozen,118,0.981631,0.561519,0.033072,0.981179,0.557506,0.034141,0.981915,0.564049,0.032398,9.534925e-03,1.323214e-01,9.673049e-03,9.447837e-03,1.31
frozen,119,0.981536,0.561297,0.033074,0.981066,0.557274,0.034160,0.981832,0.563833,0.032388,1.029947e-02,1.328580e-01,1.006113e-02,1.044975e-02,1.31
frozen,120,0.981654,0.560907,0.032894,0.981169,0.556853,0.034039,0.981959,0.563464,0.032173,1.006957e-02,1.344409e-01,1.018689e-02,9.995605e-03,1.31
frozen,121,0.981592,0.559861,0.032693,0.981094,0.555879,0.033883,0.981906,0.562372,0.031942,1.787630e-02,1.338661e-01,1.816343e-02,1.769526e-02,1.31
frozen,122,0.981752,0.560683,0.032111,0.981261,0.556694,0.033308,0.982061,0.563198,0.031356,1.354419e-02,1.327455e-01,1.355233e-02,1.353906e-02,1.31
frozen,123,0.981874,0.560989,0.032637,0.981366,0.556982,0.033877,0.982194,0.563516,0.031856,2.192121e-02,1.337883e-01,2.247797e-02,2.157017e-02,1.31
frozen,124,0.981809,0.559717,0.032711,0.981320,0.555747,0.033941,0.982117,0.562220,0.031936,1.929762e-02,1.344042e-01,1.930753e-02,1.929137e-02,1.31
frozen,125,0.981655,0.559979,0.033261,0.981197,0.555978,0.034444,0.981944,0.562501,0.032514,1.803209e-02,1.358448e-01,1.857667e-02,1.768873e-02,1.31
frozen,126,0.981887,0.560534,0.033010,0.981441,0.556588,0.034146,0.982168,0.563022,0.032294,1.333695e-02,1.367912e-01,1.370748e-02,1.310332e-02,1.31
frozen,127,0.981855,0.560515,0.032861,0.981416,0.556518,0.034000,0.982132,0.563034,0.032143,1.128443e-02,1.341555e-01,1.151285e-02,1.114041e-02,1.31
frozen,128,0.981808,0.560559,0.033062,0.981372,0.556587,0.034242,0.982083,0.563063,0.032319,1.144271e-02,1.334865e-01,1.143672e-02,1.144648e-02,1.31
frozen,129,0.981782,0.559517,0.032843,0.981350,0.555509,0.034035,0.982054,0.562043,0.032091,1.691660e-02,1.334811e-01,1.713966e-02,1.677596e-02,1.31
frozen,130,0.982065,0.560982,0.032288,0.981624,0.556999,0.033562,0.982342,0.563493,0.031485,2.466190e-02,1.350954e-01,2.538358e-02,2.420687e-02,1.31
frozen,131,0.982044,0.560918,0.032349,0.981605,0.556869,0.033593,0.982322,0.563471,0.031564,1.264721e-02,1.339169e-01,1.311295e-02,1.235357e-02,1.31
frozen,132,0.982122,0.561263,0.031808,0.981689,0.557178,0.033041,0.982395,0.563839,0.031031,1.412817e-02,1.333966e-01,1.446256e-02,1.391733e-02,1.31
frozen,133,0.982137,0.560887,0.031708,0.981726,0.556806,0.032943,0.982396,0.563460,0.030929,1.334624e-02,1.336708e-01,1.349485e-02,1.325255e-02,1.31
frozen,134,0.982454,0.561772,0.031176,0.982020,0.557718,0.032440,0.982728,0.564328,0.030379,2.075722e-02,1.404430e-01,2.063826e-02,2.083223e-02,1.31
frozen,135,0.982249,0.560739,0.031749,0.981807,0.556675,0.032999,0.982528,0.563301,0.030960,2.011840e-02,1.366604e-01,2.018709e-02,2.007509e-02,1.31
frozen,136,0.982011,0.560517,0.032312,0.981576,0.556466,0.033483,0.982286,0.563071,0.031573,2.014137e-02,1.327036e-01,2.068819e-02,1.979659e-02,1.31
frozen,137,0.982010,0.560629,0.032239,0.981542,0.556594,0.033501,0.982306,0.563174,0.031444,9.950892e-03,1.340664e-01,1.030814e-02,9.725644e-03,1.31
frozen,138,0.982003,0.560620,0.032301,0.981551,0.556616,0.033497,0.982288,0.563144,0.031547,1.075095e-02,1.350097e-01,1.074819e-02,1.075270e-02,1.31
frozen,139,0.981781,0.559242,0.032278,0.981335,0.555241,0.033513,0.982062,0.561764,0.031500,1.689366e-02,1.345438e-01,1.694593e-02,1.686070e-02,1.32
frozen,140,0.981726,0.559815,0.032183,0.981285,0.555773,0.033424,0.982004,0.562364,0.031401,1.682413e-02,1.310540e-01,1.726230e-02,1.654785e-02,1.31
frozen,141,0.981812,0.559308,0.032194,0.981349,0.555264,0.033465,0.982104,0.561858,0.031393,8.927558e-03,1.340889e-01,8.957928e-03,8.908408e-03,1.31
frozen,142,0.981851,0.560038,0.032360,0.981388,0.555995,0.033659,0.982143,0.562587,0.031541,1.387761e-02,1.347822e-01,1.425808e-02,1.363772e-02,1.32
frozen,143,0.981862,0.560829,0.032203,0.981417,0.556788,0.033476,0.982143,0.563377,0.031400,1.243610e-02,1.342856e-01,1.232054e-02,1.250897e-02,1.31
frozen,144,0.981890,0.560666,0.032273,0.981432,0.556651,0.033558,0.982179,0.563197,0.031462,7.490869e-03,1.353224e-01,7.551299e-03,7.452767e-03,1.32
frozen,145,0.981863,0.561188,0.031869,0.981394,0.557099,0.033221,0.982159,0.563767,0.031016,1.806360e-02,1.376576e-01,1.832928e-02,1.789610e-02,1.31
frozen,146,0.981766,0.560518,0.032008,0.981288,0.556280,0.033350,0.982067,0.563191,0.031162,1.823195e-02,1.399850e-01,1.845246e-02,1.809292e-02,1.32
frozen,147,0.981759,0.560607,0.032178,0.981289,0.556356,0.033530,0.982055,0.563288,0.031325,6.354487e-03,1.381563e-01,6.422276e-03,6.311745e-03,1.31
frozen,148,0.981751,0.560342,0.032292,0.981267,0.556095,0.033656,0.982057,0.563020,0.031432,8.341829e-03,1.407430e-01,8.441681e-03,8.278871e-03,1.31
frozen,149,0.981738,0.560389,0.032265,0.981258,0.556123,0.033639,0.982041,0.563079,0.031399,4.637203e-03,1.404545e-01,4.658131e-03,4.624007e-03,1.32
frozen,150,0.981703,0.560452,0.032335,0.981220,0.556198,0.033690,0.982007,0.563135,0.031481,5.265052e-03,1.413646e-01,5.235991e-03,5.283376e-03,1.32
rung14,1,0.988283,0.583025,0.031585,0.988083,0.578433,0.032358,0.988410,0.585920,0.031098,0.000000e+00,0.000000e+00,0.000000e+00,0.000000e+00,1.39
rung14,2,0.988464,0.582806,0.030506,0.988257,0.578242,0.031339,0.988595,0.585683,0.029981,2.194744e-02,2.194744e-02,2.261178e-02,2.152857e-02,1.40
rung14,3,0.988413,0.582829,0.030714,0.988201,0.578250,0.031579,0.988546,0.585716,0.030169,1.605476e-02,2.313520e-02,1.625114e-02,1.593093e-02,1.46
rung14,4,0.988379,0.582744,0.030355,0.988156,0.578143,0.031275,0.988520,0.585645,0.029775,1.484241e-02,2.357250e-02,1.509280e-02,1.468454e-02,1.40
rung14,5,0.988452,0.582730,0.030229,0.988248,0.578129,0.031007,0.988581,0.585632,0.029739,9.722626e-03,2.360105e-02,1.001230e-02,9.539982e-03,1.40
rung14,6,0.988502,0.583130,0.030686,0.988304,0.578552,0.031472,0.988627,0.586017,0.030191,1.285007e-02,2.608507e-02,1.298682e-02,1.276384e-02,1.40
rung14,7,0.988461,0.583280,0.030971,0.988258,0.578701,0.031823,0.988589,0.586168,0.030433,1.790591e-02,3.289174e-02,1.834513e-02,1.762898e-02,1.40
rung14,8,0.988554,0.583265,0.030653,0.988322,0.578745,0.031592,0.988701,0.586114,0.030060,1.051938e-02,3.605280e-02,1.088751e-02,1.028727e-02,1.39
rung14,9,0.988538,0.583214,0.030992,0.988298,0.578722,0.031940,0.988689,0.586045,0.030395,1.266507e-02,3.784008e-02,1.301280e-02,1.244583e-02,1.40
rung14,10,0.988537,0.583310,0.030985,0.988296,0.578828,0.031932,0.988688,0.586136,0.030388,9.036428e-03,3.880992e-02,9.491600e-03,8.749442e-03,1.40
rung14,11,0.988555,0.583469,0.030846,0.988324,0.579000,0.031749,0.988701,0.586286,0.030277,6.689378e-03,3.896502e-02,6.838407e-03,6.595414e-03,1.41
rung14,12,0.988659,0.583050,0.031249,0.988385,0.578571,0.032258,0.988831,0.585873,0.030613,1.975904e-02,4.323155e-02,2.075129e-02,1.913341e-02,1.41
rung14,13,0.988784,0.583155,0.031270,0.988513,0.578677,0.032265,0.988955,0.585979,0.030642,1.264432e-02,4.382813e-02,1.295971e-02,1.244547e-02,1.40
rung14,14,0.988770,0.583041,0.031113,0.988493,0.578558,0.032158,0.988944,0.585867,0.030453,1.296500e-02,4.569926e-02,1.330920e-02,1.274798e-02,1.40
rung14,15,0.988786,0.583150,0.031170,0.988498,0.578658,0.032238,0.988968,0.585981,0.030497,9.164403e-03,4.662541e-02,9.391649e-03,9.021123e-03,1.40
rung14,16,0.988793,0.583243,0.030702,0.988504,0.578715,0.031839,0.988975,0.586098,0.029985,1.346345e-02,4.711860e-02,1.376838e-02,1.327119e-02,1.40
rung14,17,0.988838,0.582290,0.030748,0.988534,0.577869,0.031925,0.989029,0.585077,0.030005,1.833713e-02,5.240848e-02,1.870693e-02,1.810397e-02,1.41
rung14,18,0.988864,0.582216,0.031049,0.988584,0.577835,0.032120,0.989040,0.584978,0.030373,1.412947e-02,5.356143e-02,1.438907e-02,1.396580e-02,1.40
rung14,19,0.988901,0.582272,0.030906,0.988616,0.577905,0.031967,0.989081,0.585026,0.030238,1.377990e-02,5.543370e-02,1.402812e-02,1.362340e-02,1.40
rung14,20,0.988932,0.582229,0.030955,0.988652,0.577870,0.032002,0.989108,0.584977,0.030296,1.156938e-02,5.653260e-02,1.159413e-02,1.155377e-02,1.41
rung14,21,0.988908,0.582084,0.030922,0.988621,0.577727,0.032009,0.989089,0.584830,0.030238,1.008088e-02,5.560031e-02,1.014047e-02,1.004331e-02,1.40
rung14,22,0.988931,0.581562,0.031284,0.988611,0.577190,0.032455,0.989132,0.584318,0.030547,1.996448e-02,5.974396e-02,2.033078e-02,1.973354e-02,1.41
rung14,23,0.988899,0.581511,0.031393,0.988564,0.577110,0.032604,0.989111,0.584286,0.030630,1.401720e-02,6.091102e-02,1.372125e-02,1.420380e-02,1.41
rung14,24,0.989009,0.581525,0.031061,0.988687,0.577139,0.032221,0.989213,0.584291,0.030330,1.439095e-02,6.275042e-02,1.440772e-02,1.438038e-02,1.40
rung14,25,0.989039,0.581617,0.031161,0.988727,0.577239,0.032246,0.989236,0.584378,0.030477,1.403320e-02,6.269928e-02,1.419567e-02,1.393075e-02,1.41
rung14,26,0.989038,0.581580,0.031163,0.988714,0.577172,0.032339,0.989242,0.584359,0.030422,8.915096e-03,6.289216e-02,8.728401e-03,9.032806e-03,1.40
rung14,27,0.988955,0.581141,0.031553,0.988662,0.576805,0.032645,0.989140,0.583876,0.030864,2.042119e-02,6.702642e-02,2.096170e-02,2.008040e-02,1.41
rung14,28,0.989021,0.580881,0.031554,0.988731,0.576545,0.032636,0.989205,0.583614,0.030872,1.268551e-02,6.960183e-02,1.288450e-02,1.256005e-02,1.41
rung14,29,0.988987,0.580705,0.031577,0.988676,0.576362,0.032747,0.989183,0.583443,0.030839,1.312864e-02,7.130824e-02,1.317901e-02,1.309688e-02,1.40
rung14,30,0.989027,0.580616,0.031441,0.988711,0.576295,0.032652,0.989226,0.583341,0.030677,1.130831e-02,7.227650e-02,1.167963e-02,1.107418e-02,1.40
rung14,31,0.989057,0.580703,0.031341,0.988761,0.576389,0.032442,0.989243,0.583422,0.030647,1.016483e-02,7.133989e-02,1.019788e-02,1.014399e-02,1.41
rung14,32,0.989106,0.580742,0.031511,0.988830,0.576462,0.032554,0.989280,0.583441,0.030853,2.126187e-02,7.620540e-02,2.144572e-02,2.114596e-02,1.41
rung14,33,0.989151,0.580974,0.031616,0.988887,0.576679,0.032627,0.989317,0.583682,0.030979,1.377567e-02,7.791119e-02,1.396835e-02,1.365419e-02,1.41
rung14,34,0.989137,0.580987,0.031645,0.988880,0.576758,0.032638,0.989299,0.583653,0.031019,1.205446e-02,7.953637e-02,1.199629e-02,1.209113e-02,1.41
rung14,35,0.989133,0.581060,0.031595,0.988884,0.576828,0.032542,0.989289,0.583728,0.030998,1.012321e-02,7.920181e-02,9.979138e-03,1.021405e-02,1.41
rung14,36,0.989124,0.581141,0.031675,0.988876,0.576886,0.032641,0.989281,0.583823,0.031067,1.481255e-02,8.264296e-02,1.482421e-02,1.480519e-02,1.40
rung14,37,0.989144,0.581169,0.031745,0.988895,0.576956,0.032676,0.989301,0.583825,0.031159,1.315334e-02,8.234297e-02,1.342424e-02,1.298254e-02,1.41
rung14,38,0.989192,0.581282,0.031518,0.988943,0.577103,0.032434,0.989348,0.583917,0.030940,1.107992e-02,8.307612e-02,1.083710e-02,1.123302e-02,1.40
rung14,39,0.989125,0.581583,0.031760,0.988867,0.577407,0.032690,0.989288,0.584217,0.031174,1.120507e-02,8.362655e-02,1.103457e-02,1.131257e-02,1.40
rung14,40,0.989156,0.581860,0.031586,0.988896,0.577703,0.032533,0.989321,0.584481,0.030988,1.069757e-02,8.360190e-02,1.062582e-02,1.074281e-02,1.41
rung14,41,0.989186,0.581766,0.031486,0.988925,0.577646,0.032401,0.989350,0.584365,0.030909,1.569930e-02,8.413054e-02,1.606270e-02,1.547017e-02,1.41
rung14,42,0.989172,0.581649,0.031614,0.988917,0.577545,0.032522,0.989332,0.584236,0.031042,1.108838e-02,8.469611e-02,1.115807e-02,1.104443e-02,1.41
rung14,43,0.989129,0.581689,0.031730,0.988886,0.577618,0.032603,0.989282,0.584256,0.031180,1.030494e-02,8.477541e-02,1.028705e-02,1.031622e-02,1.40
rung14,44,0.989203,0.581588,0.031627,0.988958,0.577523,0.032505,0.989357,0.584152,0.031073,9.341470e-03,8.600765e-02,9.187896e-03,9.438298e-03,1.41
rung14,45,0.989217,0.581524,0.031488,0.988974,0.577473,0.032349,0.989370,0.584079,0.030944,1.020396e-02,8.741102e-02,1.008609e-02,1.027828e-02,1.40
rung14,46,0.989210,0.581170,0.031673,0.988966,0.577072,0.032498,0.989364,0.583754,0.031153,1.493645e-02,8.918209e-02,1.497529e-02,1.491195e-02,1.41
rung14,47,0.989259,0.581237,0.031577,0.989013,0.577132,0.032443,0.989415,0.583826,0.031031,1.130583e-02,8.987921e-02,1.128944e-02,1.131616e-02,1.41
rung14,48,0.989277,0.581186,0.031540,0.989042,0.577107,0.032350,0.989425,0.583758,0.031029,1.084085e-02,9.160553e-02,1.060391e-02,1.099024e-02,1.41
rung14,49,0.989312,0.581324,0.031433,0.989066,0.577239,0.032274,0.989466,0.583899,0.030903,1.083036e-02,9.127384e-02,1.026564e-02,1.118641e-02,1.41
rung14,50,0.989299,0.581293,0.031536,0.989053,0.577198,0.032376,0.989453,0.583875,0.031007,8.999394e-03,9.149768e-02,8.954054e-03,9.027980e-03,1.41
rung14,51,0.989227,0.581437,0.031670,0.988992,0.577335,0.032464,0.989375,0.584024,0.031170,1.749902e-02,9.165122e-02,1.753527e-02,1.747616e-02,1.40
rung14,52,0.989290,0.581672,0.031427,0.989060,0.577568,0.032231,0.989434,0.584260,0.030920,1.111117e-02,9.265549e-02,1.118447e-02,1.106496e-02,1.41
rung14,53,0.989257,0.581639,0.031472,0.989022,0.577519,0.032275,0.989406,0.584237,0.030966,8.849181e-03,9.293827e-02,8.665225e-03,8.965164e-03,1.41
rung14,54,0.989268,0.581399,0.031453,0.989033,0.577297,0.032281,0.989415,0.583985,0.030932,8.498913e-03,9.445354e-02,8.625552e-03,8.419067e-03,1.40
rung14,55,0.989351,0.581399,0.031360,0.989112,0.577299,0.032199,0.989502,0.583984,0.030831,9.408797e-03,9.409253e-02,9.379046e-03,9.427555e-03,1.41
rung14,56,0.989423,0.581394,0.031207,0.989175,0.577287,0.032092,0.989579,0.583983,0.030649,1.994249e-02,9.589925e-02,1.960489e-02,2.015535e-02,1.40
rung14,57,0.989366,0.581172,0.031345,0.989120,0.577068,0.032178,0.989521,0.583760,0.030820,8.768359e-03,9.731480e-02,8.694951e-03,8.814645e-03,1.41
rung14,58,0.989395,0.581414,0.031321,0.989147,0.577299,0.032172,0.989552,0.584008,0.030784,1.062457e-02,9.682594e-02,1.056091e-02,1.066471e-02,1.40
rung14,59,0.989367,0.581472,0.031449,0.989121,0.577339,0.032289,0.989522,0.584078,0.030920,7.739115e-03,9.705160e-02,7.799179e-03,7.701244e-03,1.41
rung14,60,0.989347,0.581454,0.031480,0.989103,0.577330,0.032326,0.989500,0.584054,0.030947,5.592590e-03,9.690134e-02,5.528782e-03,5.632821e-03,1.41
rung14,61,0.989442,0.581295,0.031430,0.989196,0.577065,0.032238,0.989597,0.583962,0.030920,1.493072e-02,9.902702e-02,1.500089e-02,1.488647e-02,1.41
rung14,62,0.989485,0.581340,0.031245,0.989253,0.577178,0.032030,0.989632,0.583965,0.030749,1.190946e-02,9.876569e-02,1.202292e-02,1.183791e-02,1.40
rung14,63,0.989467,0.581380,0.031277,0.989235,0.577229,0.032085,0.989612,0.583998,0.030768,8.213399e-03,9.876156e-02,8.138053e-03,8.260906e-03,1.41
rung14,64,0.989448,0.581357,0.031243,0.989203,0.577173,0.032126,0.989602,0.583995,0.030686,8.387877e-03,9.983084e-02,8.308379e-03,8.438001e-03,1.41
rung14,65,0.989484,0.581689,0.031123,0.989234,0.577497,0.032034,0.989642,0.584332,0.030550,7.687824e-03,9.953277e-02,7.621019e-03,7.729944e-03,1.41
rung14,66,0.989496,0.581691,0.031288,0.989266,0.577450,0.032121,0.989642,0.584365,0.030763,1.241365e-02,9.999101e-02,1.209425e-02,1.261503e-02,1.40
rung14,67,0.989537,0.581591,0.031392,0.989317,0.577382,0.032141,0.989676,0.584244,0.030920,1.181195e-02,1.005717e-01,1.174565e-02,1.185375e-02,1.41
rung14,68,0.989531,0.581573,0.031371,0.989310,0.577321,0.032134,0.989671,0.584253,0.030889,8.424043e-03,1.010343e-01,8.347548e-03,8.472273e-03,1.41
rung14,69,0.989556,0.581670,0.031353,0.989332,0.577407,0.032137,0.989697,0.584357,0.030859,8.527874e-03,1.016867e-01,8.450360e-03,8.576747e-03,1.41
rung14,70,0.989539,0.581733,0.031392,0.989315,0.577466,0.032174,0.989680,0.584423,0.030899,6.376141e-03,1.016383e-01,6.303094e-03,6.422198e-03,1.41
rung14,71,0.989615,0.581952,0.031149,0.989373,0.577601,0.032039,0.989767,0.584696,0.030588,1.323870e-02,1.032641e-01,1.329011e-02,1.320628e-02,1.41
rung14,72,0.989648,0.581715,0.031211,0.989409,0.577353,0.032064,0.989799,0.584466,0.030674,1.246913e-02,1.035325e-01,1.261579e-02,1.237666e-02,1.41
rung14,73,0.989573,0.581768,0.031334,0.989336,0.577408,0.032205,0.989723,0.584516,0.030785,1.212797e-02,1.028887e-01,1.218642e-02,1.209112e-02,1.41
rung14,74,0.989519,0.581768,0.031412,0.989277,0.577410,0.032302,0.989671,0.584515,0.030850,9.311611e-03,1.033502e-01,9.242612e-03,9.355114e-03,1.48
rung14,75,0.989530,0.581690,0.031409,0.989287,0.577324,0.032301,0.989683,0.584443,0.030846,7.018274e-03,1.030922e-01,7.067460e-03,6.987262e-03,1.41
rung14,76,0.989450,0.581477,0.031685,0.989219,0.577088,0.032557,0.989595,0.584244,0.031135,1.326717e-02,1.040133e-01,1.312401e-02,1.335743e-02,1.40
rung14,77,0.989480,0.581558,0.031544,0.989256,0.577154,0.032397,0.989620,0.584335,0.031006,1.083566e-02,1.032331e-01,1.062784e-02,1.096669e-02,1.41
rung14,78,0.989491,0.581369,0.031362,0.989274,0.576963,0.032211,0.989627,0.584148,0.030826,9.999953e-03,1.039180e-01,1.014163e-02,9.910627e-03,1.40
rung14,79,0.989499,0.581450,0.031472,0.989289,0.577015,0.032297,0.989631,0.584246,0.030952,8.187450e-03,1.037783e-01,8.039362e-03,8.280819e-03,1.40
rung14,80,0.989537,0.581478,0.031553,0.989333,0.577027,0.032358,0.989665,0.584284,0.031046,7.575005e-03,1.041124e-01,7.647387e-03,7.529368e-03,1.40
rung14,81,0.989510,0.581677,0.031426,0.989308,0.577232,0.032269,0.989637,0.584479,0.030895,1.154653e-02,1.033332e-01,1.156053e-02,1.153770e-02,1.40
rung14,82,0.989519,0.581558,0.031296,0.989336,0.577136,0.032058,0.989635,0.584346,0.030816,1.100925e-02,1.039833e-01,1.104164e-02,1.098883e-02,1.41
rung14,83,0.989571,0.581532,0.031171,0.989378,0.577134,0.031943,0.989693,0.584304,0.030684,1.187302e-02,1.036022e-01,1.196903e-02,1.181249e-02,1.43
rung14,84,0.989516,0.581653,0.031220,0.989323,0.577254,0.032027,0.989638,0.584426,0.030712,8.424488e-03,1.041580e-01,8.560631e-03,8.338650e-03,1.45
rung14,85,0.989506,0.581755,0.031224,0.989311,0.577336,0.032030,0.989630,0.584541,0.030716,7.158211e-03,1.042734e-01,7.125565e-03,7.178795e-03,1.45
rung14,86,0.989516,0.581668,0.031292,0.989329,0.577241,0.032076,0.989635,0.584459,0.030798,9.992476e-03,1.044431e-01,9.994063e-03,9.991475e-03,1.48
rung14,87,0.989497,0.581270,0.031359,0.989313,0.576855,0.032122,0.989614,0.584054,0.030878,1.083698e-02,1.067285e-01,1.079838e-02,1.086132e-02,1.47
rung14,88,0.989522,0.581378,0.031303,0.989327,0.576928,0.032071,0.989644,0.584184,0.030818,1.088459e-02,1.076214e-01,1.115537e-02,1.071386e-02,1.40
rung14,89,0.989529,0.581450,0.031179,0.989339,0.577018,0.031958,0.989649,0.584245,0.030688,8.046606e-03,1.079361e-01,7.896704e-03,8.141120e-03,1.41
rung14,90,0.989548,0.581421,0.031122,0.989365,0.576972,0.031892,0.989663,0.584226,0.030637,7.246396e-03,1.080091e-01,7.143863e-03,7.311041e-03,1.43
rung14,91,0.989426,0.581433,0.031334,0.989244,0.576978,0.032064,0.989541,0.584243,0.030874,1.319807e-02,1.088332e-01,1.338348e-02,1.308117e-02,1.41
rung14,92,0.989456,0.581304,0.031373,0.989308,0.576846,0.032003,0.989549,0.584114,0.030975,9.478289e-03,1.085903e-01,9.303926e-03,9.588225e-03,1.40
rung14,93,0.989379,0.581234,0.031443,0.989226,0.576722,0.032106,0.989476,0.584079,0.031025,1.166509e-02,1.093654e-01,1.172790e-02,1.162549e-02,1.45
rung14,94,0.989434,0.581212,0.031478,0.989282,0.576742,0.032116,0.989529,0.584030,0.031076,8.049378e-03,1.101104e-01,8.161681e-03,7.978570e-03,1.40
rung14,95,0.989471,0.581239,0.031384,0.989311,0.576754,0.032047,0.989571,0.584066,0.030966,8.088777e-03,1.093257e-01,8.008368e-03,8.139473e-03,1.41
rung14,96,0.989502,0.581126,0.031385,0.989328,0.576685,0.032053,0.989612,0.583926,0.030964,1.186612e-02,1.097089e-01,1.158659e-02,1.204236e-02,1.40
rung14,97,0.989507,0.580895,0.031650,0.989352,0.576398,0.032280,0.989605,0.583730,0.031253,1.166671e-02,1.103494e-01,1.184720e-02,1.155292e-02,1.40
rung14,98,0.989478,0.581084,0.031746,0.989328,0.576609,0.032352,0.989572,0.583906,0.031365,1.176987e-02,1.108905e-01,1.186803e-02,1.170798e-02,1.40
rung14,99,0.989533,0.581059,0.031768,0.989374,0.576569,0.032404,0.989634,0.583890,0.031368,9.177298e-03,1.112313e-01,9.426805e-03,9.019983e-03,1.41
rung14,100,0.989484,0.581161,0.031776,0.989332,0.576665,0.032407,0.989580,0.583995,0.031378,8.828571e-03,1.108098e-01,8.676402e-03,8.924515e-03,1.40
rung14,101,0.989556,0.581299,0.031623,0.989408,0.576772,0.032268,0.989650,0.584153,0.031217,1.119080e-02,1.102043e-01,1.107760e-02,1.126217e-02,1.40
rung14,102,0.989569,0.581230,0.031558,0.989421,0.576724,0.032222,0.989662,0.584071,0.031139,7.413656e-03,1.103833e-01,7.378913e-03,7.435561e-03,1.40
rung14,103,0.989575,0.581060,0.031544,0.989426,0.576600,0.032213,0.989668,0.583872,0.031122,8.161126e-03,1.104620e-01,7.923262e-03,8.311099e-03,1.40
rung14,104,0.989522,0.580954,0.031599,0.989387,0.576457,0.032241,0.989607,0.583789,0.031195,1.135214e-02,1.115365e-01,1.119819e-02,1.144920e-02,1.40
rung14,105,0.989539,0.581065,0.031387,0.989386,0.576578,0.032096,0.989636,0.583894,0.030939,7.784731e-03,1.114076e-01,7.951064e-03,7.679856e-03,1.40
rung14,106,0.989560,0.580692,0.031394,0.989417,0.576265,0.032048,0.989651,0.583482,0.030981,1.367963e-02,1.108412e-01,1.326239e-02,1.394269e-02,1.42
rung14,107,0.989599,0.580836,0.031339,0.989458,0.576413,0.031971,0.989688,0.583625,0.030940,8.332595e-03,1.116340e-01,8.148283e-03,8.448803e-03,1.42
rung14,108,0.989532,0.580855,0.031246,0.989389,0.576452,0.031885,0.989622,0.583631,0.030843,1.024118e-02,1.121822e-01,9.875719e-03,1.047161e-02,1.46
rung14,109,0.989504,0.580732,0.031382,0.989361,0.576316,0.032015,0.989595,0.583516,0.030982,8.213706e-03,1.127324e-01,8.202560e-03,8.220733e-03,1.40
rung14,110,0.989586,0.580848,0.031325,0.989438,0.576443,0.031973,0.989679,0.583624,0.030917,8.361717e-03,1.130460e-01,7.985407e-03,8.598981e-03,1.40
rung14,111,0.989625,0.580943,0.031173,0.989472,0.576552,0.031844,0.989722,0.583711,0.030750,1.109601e-02,1.131927e-01,1.081091e-02,1.127576e-02,1.40
rung14,112,0.989685,0.581038,0.030958,0.989533,0.576658,0.031673,0.989780,0.583799,0.030506,9.341969e-03,1.130466e-01,9.282451e-03,9.379494e-03,1.40
rung14,113,0.989734,0.580917,0.030907,0.989558,0.576498,0.031704,0.989845,0.583704,0.030405,1.099630e-02,1.141786e-01,1.076648e-02,1.114121e-02,1.40
rung14,114,0.989659,0.581026,0.031017,0.989476,0.576610,0.031885,0.989774,0.583810,0.030469,1.087391e-02,1.143221e-01,1.075346e-02,1.094986e-02,1.40
rung14,115,0.989666,0.581137,0.031001,0.989487,0.576749,0.031831,0.989779,0.583904,0.030477,8.747024e-03,1.138734e-01,8.751809e-03,8.744009e-03,1.41
rung14,116,0.989587,0.580756,0.031319,0.989402,0.576335,0.032153,0.989703,0.583544,0.030793,1.618820e-02,1.130099e-01,1.618154e-02,1.619239e-02,1.40
rung14,117,0.989630,0.580981,0.031194,0.989462,0.576583,0.031957,0.989736,0.583753,0.030713,9.778037e-03,1.130138e-01,9.911418e-03,9.693939e-03,1.40
rung14,118,0.989621,0.581101,0.031199,0.989456,0.576697,0.031953,0.989726,0.583877,0.030724,7.584991e-03,1.124410e-01,7.509165e-03,7.632800e-03,1.40
rung14,119,0.989611,0.581021,0.031159,0.989437,0.576649,0.031941,0.989721,0.583777,0.030666,7.901182e-03,1.128224e-01,7.838808e-03,7.940508e-03,1.40
rung14,120,0.989673,0.580867,0.031007,0.989514,0.576475,0.031771,0.989774,0.583637,0.030524,8.632177e-03,1.130878e-01,8.609453e-03,8.646505e-03,1.41
rung14,121,0.989724,0.580830,0.030881,0.989559,0.576435,0.031640,0.989828,0.583601,0.030403,8.395931e-03,1.135462e-01,8.293003e-03,8.460825e-03,1.41
rung14,122,0.989755,0.580987,0.030818,0.989596,0.576596,0.031545,0.989855,0.583755,0.030359,7.837557e-03,1.138161e-01,7.729604e-03,7.905623e-03,1.40
rung14,123,0.989835,0.581026,0.030743,0.989682,0.576640,0.031448,0.989932,0.583792,0.030298,8.922924e-03,1.143522e-01,9.056817e-03,8.838505e-03,1.41
rung14,124,0.989819,0.580887,0.030842,0.989682,0.576483,0.031506,0.989905,0.583663,0.030423,8.651522e-03,1.146978e-01,8.697444e-03,8.622567e-03,1.41
rung14,125,0.989684,0.580761,0.031024,0.989530,0.576345,0.031791,0.989782,0.583546,0.030541,1.260654e-02,1.150696e-01,1.296182e-02,1.238254e-02,1.41
rung14,126,0.989770,0.580880,0.030845,0.989614,0.576479,0.031595,0.989868,0.583655,0.030373,8.906758e-03,1.142192e-01,9.060164e-03,8.810034e-03,1.41
rung14,127,0.989771,0.580779,0.030823,0.989623,0.576373,0.031573,0.989864,0.583557,0.030350,7.384529e-03,1.144328e-01,7.469162e-03,7.331167e-03,1.40
rung14,128,0.989823,0.580912,0.030757,0.989675,0.576501,0.031518,0.989917,0.583693,0.030277,7.213083e-03,1.145205e-01,7.301311e-03,7.157454e-03,1.40
rung14,129,0.989807,0.580720,0.030875,0.989690,0.576314,0.031541,0.989880,0.583497,0.030455,9.321660e-03,1.150249e-01,9.193712e-03,9.402331e-03,1.40
rung14,130,0.989807,0.580829,0.030604,0.989676,0.576472,0.031351,0.989889,0.583576,0.030132,1.482978e-02,1.164609e-01,1.510877e-02,1.465388e-02,1.40
rung14,131,0.989879,0.580900,0.030621,0.989738,0.576541,0.031414,0.989968,0.583649,0.030121,1.022086e-02,1.162131e-01,1.036414e-02,1.013052e-02,1.41
rung14,132,0.989981,0.581050,0.030353,0.989836,0.576744,0.031164,0.990072,0.583765,0.029842,9.055945e-03,1.162091e-01,9.058512e-03,9.054326e-03,1.40
rung14,133,0.990051,0.581230,0.030326,0.989904,0.576910,0.031132,0.990144,0.583953,0.029817,8.074963e-03,1.164199e-01,8.170392e-03,8.014793e-03,1.40
rung14,134,0.990129,0.581199,0.030135,0.989972,0.576926,0.030987,0.990228,0.583894,0.029598,1.257213e-02,1.186358e-01,1.258739e-02,1.256252e-02,1.40
rung14,135,0.989998,0.580662,0.030529,0.989840,0.576317,0.031379,0.990097,0.583401,0.029993,1.548680e-02,1.165203e-01,1.566839e-02,1.537231e-02,1.41
rung14,136,0.989969,0.580768,0.030583,0.989804,0.576433,0.031434,0.990072,0.583502,0.030046,9.424331e-03,1.157841e-01,9.462304e-03,9.400388e-03,1.40
rung14,137,0.989978,0.580713,0.030535,0.989813,0.576391,0.031387,0.990082,0.583438,0.029998,7.815651e-03,1.164127e-01,7.824466e-03,7.810093e-03,1.40
rung14,138,0.989928,0.580723,0.030611,0.989763,0.576412,0.031435,0.990032,0.583440,0.030092,7.668664e-03,1.168394e-01,7.556246e-03,7.739544e-03,1.40
rung14,139,0.989890,0.580637,0.030594,0.989730,0.576334,0.031425,0.989991,0.583349,0.030070,7.638959e-03,1.171085e-01,7.574596e-03,7.679541e-03,1.41
rung14,140,0.989916,0.581015,0.030465,0.989748,0.576718,0.031316,0.990022,0.583725,0.029929,1.419988e-02,1.159427e-01,1.414715e-02,1.423313e-02,1.40
rung14,141,0.989935,0.580740,0.030540,0.989770,0.576426,0.031362,0.990039,0.583460,0.030023,7.695321e-03,1.175035e-01,7.555650e-03,7.783383e-03,1.40
rung14,142,0.989942,0.580763,0.030467,0.989766,0.576454,0.031327,0.990054,0.583480,0.029926,7.967593e-03,1.174858e-01,7.974886e-03,7.962994e-03,1.42
rung14,143,0.989854,0.580713,0.030557,0.989672,0.576403,0.031428,0.989969,0.583431,0.030008,7.617391e-03,1.174130e-01,7.546067e-03,7.662361e-03,1.41
rung14,144,0.989850,0.580714,0.030616,0.989670,0.576413,0.031481,0.989964,0.583426,0.030070,6.029672e-03,1.176565e-01,6.004953e-03,6.045257e-03,1.40
rung14,145,0.989837,0.580512,0.030602,0.989642,0.576163,0.031517,0.989959,0.583255,0.030025,9.117289e-03,1.179043e-01,9.259985e-03,9.027318e-03,1.40
rung14,146,0.989900,0.580526,0.030563,0.989701,0.576164,0.031482,0.990025,0.583276,0.029984,6.822261e-03,1.180955e-01,6.912626e-03,6.765285e-03,1.40
rung14,147,0.989872,0.580551,0.030723,0.989667,0.576190,0.031652,0.990001,0.583301,0.030137,4.572333e-03,1.177776e-01,4.485222e-03,4.627257e-03,1.41
rung14,148,0.989851,0.580409,0.030775,0.989647,0.576044,0.031703,0.989980,0.583161,0.030191,5.151802e-03,1.182649e-01,5.145562e-03,5.155737e-03,1.40
rung14,149,0.989871,0.580398,0.030718,0.989664,0.576037,0.031653,0.990001,0.583147,0.030128,4.079005e-03,1.182424e-01,4.030298e-03,4.109715e-03,1.40
rung14,150,0.989863,0.580385,0.030735,0.989655,0.576031,0.031675,0.989994,0.583130,0.030141,3.926552e-03,1.183880e-01,3.820421e-03,3.993468e-03,1.40
